{
  "source": "train_split_only",
  "mean_": [
    11.759154818624891,
    3.298750031278165,
    1.4690379196790448,
    1.9406150216676008
  ],
  "scale_": [
    4.842521193300501,
    4.737546512943209,
    2.0795590676712434,
    3.0067428876171776
  ],
  "feature_names": [
    "svm_mean",
    "svm_std",
    "d_svm_mean",
    "d_svm_std"
  ]
}